entropyInd,
0.0,
0.00162,
0.01553,
0.02176,
0.03076,
0.03401,
0.05189,
0.08794,
0.05515,
0.05512,
0.04904,
0.05039,
0.04956,
0.05164,
0.05205,
0.04865,
0.05069,
0.06003,
0.06241,
0.05705,
0.05845,
0.07331,
0.07014,
0.06592,
0.06278,
0.06644,
0.06573,
0.07661,
0.07613,
0.11738,
0.11272,
0.08989,
0.10673,
0.10438,
0.114,
0.15869,
0.1107,
0.09133,
0.13125,
0.08895,
0.0888,
0.09898,
0.10176,
0.11605,
0.1125,
0.09047,
0.0852,
0.11325,
0.15558,
0.16592,
0.15144,
0.18492,
0.11225,
0.11527,
0.10996,
0.10707,
0.10707,
0.10895,
0.11134,
0.11611,
0.10574,
0.11955,
0.11685,
0.15298,
0.11788,
0.1299,
0.1233,
0.1239,
0.19317,
0.12832,
0.21135,
0.19107,
0.12844,
0.12009,
0.11987,
0.14864,
0.17177,
0.138,
0.14164,
0.16284,
0.13186,
0.12233,
0.15524,
0.13947,
0.13832,
0.18237,
0.16902,
0.26246,
0.20053,
0.15711,
0.16988,
0.21914,
0.15023,
0.14807,
0.15092,
0.16143,
0.15786,
0.15689,
0.15645,
0.15839,
0.16949,
0.144,
0.13748,
0.12626,
0.11682,
0.12306,
0.14452,
0.16046,
0.12098,
0.11291,
0.17162,
0.13826,
0.11577,
0.1155,
0.11005,
0.11085,
0.1394,
0.1359,
0.20952,
0.16119,
0.16678,
0.15464,
0.2273,
0.15203,
0.15498,
0.15841,
0.16004,
0.16091,
0.15583,
0.16607,
0.17278,
0.15953,
