entropyInd,
0.0,
0.05665,
0.06669,
0.02429,
0.01757,
0.03859,
0.05299,
0.05,
0.04872,
0.05108,
0.0675,
0.06406,
0.08748,
0.14885,
0.06869,
0.08629,
0.07546,
0.11553,
0.12538,
0.0858,
0.10441,
0.12248,
0.10145,
0.09583,
0.09513,
0.13141,
0.10467,
0.12451,
0.16327,
0.15502,
0.1486,
0.15658,
0.16548,
0.12043,
0.12783,
0.13143,
0.13104,
0.14357,
0.15151,
0.12471,
0.12553,
0.13107,
0.12868,
0.14536,
0.17994,
0.1339,
0.11466,
0.13817,
0.13609,
0.10428,
0.09881,
0.10107,
0.1739,
0.13892,
0.14449,
0.16166,
0.17369,
0.16306,
0.1625,
0.15983,
0.18722,
0.18851,
0.13078,
0.13439,
0.14753,
0.13886,
0.15798,
0.13406,
0.12961,
0.12555,
0.11913,
0.1159,
0.10691,
0.15588,
