entropyInd,
0.12291,
0.11182,
0.11227,
0.10687,
0.10714,
0.11533,
0.11793,
0.11851,
0.11932,
0.12734,
0.11518,
0.11443,
0.12512,
0.09818,
0.09765,
0.10317,
0.11822,
0.10616,
