entropyInd,
0.30212,
0.29427,
0.31698,
0.29106,
0.28199,
0.28142,
0.27523,
0.27406,
0.3041,
0.26774,
0.26112,
0.25928,
0.26948,
0.24554,
0.24276,
0.25489,
0.25162,
0.24506,
0.25583,
0.24218,
0.25134,
0.24609,
0.23874,
0.23634,
0.23264,
0.22895,
0.23863,
0.23349,
0.23495,
0.22769,
0.21892,
0.23192,
0.23591,
0.23196,
0.2479,
0.27039,
0.26525,
0.26638,
0.27246,
0.29528,
0.29688,
0.30157,
0.30765,
0.30458,
0.30148,
0.32893,
0.32595,
0.34014,
0.33285,
0.34266,
0.32742,
0.33663,
0.34053,
0.32963,
0.35288,
0.33213,
0.33574,
0.35425,
0.33804,
0.34037,
0.34804,
0.33198,
0.41663,
0.42067,
0.41525,
0.42148,
0.3918,
0.38818,
0.36801,
0.35372,
0.3702,
0.36888,
0.37244,
0.37654,
0.353,
0.32517,
0.32542,
0.32141,
0.32719,
0.33016,
0.32926,
0.30526,
0.30036,
0.29788,
0.29698,
0.30299,
0.32989,
0.31839,
0.32162,
0.32399,
0.32059,
0.32102,
0.28547,
0.31065,
0.27652,
0.27577,
0.29784,
0.27679,
0.28545,
0.28337,
0.27613,
