entropyInd,
0.0,
0.00266,
0.00402,
0.00763,
0.01912,
0.04351,
0.04159,
0.02777,
0.03195,
0.03165,
0.05604,
0.04712,
0.08952,
0.0726,
0.07269,
0.10323,
0.06314,
0.06008,
0.06981,
0.1032,
0.06456,
0.06717,
0.11061,
0.08027,
0.08225,
0.0801,
0.08257,
0.08578,
0.08675,
0.17369,
0.11233,
0.16242,
0.15681,
0.11763,
0.09524,
0.10029,
0.09879,
0.12776,
0.11777,
0.14436,
0.12237,
0.11768,
0.13756,
0.11653,
0.11544,
0.11429,
0.14083,
0.23099,
0.2036,
0.12316,
0.08196,
0.1042,
0.12303,
0.09716,
0.12527,
0.14707,
0.16409,
0.1195,
0.10929,
0.1362,
0.10846,
0.15397,
0.12572,
0.16805,
0.11564,
0.11367,
