entropyInd,
0.0,
0.01412,
0.0234,
0.03491,
0.02594,
0.0185,
