entropyInd,
0.12291,
0.11353,
0.11289,
0.1142,
0.11492,
0.12318,
0.11927,
0.11693,
0.11981,
0.1154,
0.11678,
0.10871,
0.11439,
0.11386,
0.12392,
0.11895,
0.11981,
0.11823,
