entropyInd,
0.0,
0.00661,
0.02227,
0.02252,
0.03658,
0.02606,
0.036,
0.0361,
0.03241,
0.04612,
0.04093,
0.04218,
0.06459,
0.10008,
0.0654,
0.07047,
0.06744,
0.10582,
0.08533,
0.07702,
0.07161,
0.06973,
0.06989,
0.0583,
0.05978,
0.11446,
0.11364,
0.09336,
0.1345,
0.08955,
0.12516,
0.12042,
0.14348,
0.13358,
0.11715,
0.11451,
0.146,
0.14596,
0.12592,
0.17972,
0.13611,
0.11004,
0.15308,
0.13053,
0.14422,
0.13653,
0.13799,
0.13145,
0.14197,
0.1662,
0.13082,
0.12219,
0.17172,
0.13484,
0.11053,
0.1242,
0.13275,
0.1211,
0.11094,
0.10727,
0.11572,
0.11256,
0.11974,
0.1619,
0.13745,
0.20628,
0.20297,
0.16446,
0.15592,
0.15212,
0.13212,
0.16828,
0.17771,
0.14361,
0.133,
0.13099,
0.12548,
0.14262,
0.12776,
0.15524,
0.11749,
0.1147,
0.11658,
0.14738,
0.14184,
0.13636,
0.12984,
0.1303,
0.12582,
0.12028,
0.12267,
0.12463,
0.15681,
0.15668,
0.15905,
0.18778,
0.17449,
0.17765,
0.1702,
0.15541,
0.14691,
0.14717,
0.17928,
0.15837,
0.15784,
0.14671,
0.20032,
