entropyInd,
0.0,
0.07443,
0.02081,
0.01604,
0.0913,
0.03717,
0.06923,
0.05848,
0.05859,
0.03863,
0.03921,
0.03766,
0.04558,
0.08164,
0.06606,
0.08215,
0.08466,
0.09628,
0.09576,
0.08999,
0.08853,
0.09871,
0.1531,
0.1486,
0.09777,
0.1006,
0.14355,
0.08235,
0.08913,
0.07448,
0.06618,
0.06409,
0.09072,
0.10222,
0.09035,
0.08963,
0.08247,
0.08059,
0.09215,
0.08966,
0.08442,
0.08672,
0.08632,
0.14529,
0.12552,
0.10988,
0.11841,
0.1069,
0.10168,
0.13132,
0.12281,
0.12313,
0.12786,
0.10864,
0.10873,
0.12242,
0.16972,
0.13875,
0.11559,
0.11784,
0.11894,
0.11515,
0.11651,
0.12806,
0.16406,
0.13091,
0.12235,
0.13099,
0.1307,
0.14466,
0.18259,
0.14952,
0.14552,
0.18557,
0.16674,
0.12496,
0.14168,
0.18468,
0.18113,
0.16695,
0.13472,
0.13121,
0.13492,
0.12044,
0.11438,
0.11297,
0.12219,
0.11797,
0.123,
0.1235,
0.11472,
0.12532,
0.1501,
0.11629,
0.11371,
0.10195,
0.0997,
0.10746,
0.10657,
0.10447,
0.10479,
0.11044,
0.1097,
0.1305,
0.15585,
0.14155,
0.10793,
0.1157,
0.12547,
0.17083,
0.10783,
0.12371,
0.1199,
0.12067,
0.13781,
0.13094,
0.11994,
0.2069,
0.12734,
0.13911,
0.13775,
0.13091,
0.13543,
0.12977,
0.12745,
0.16149,
0.12921,
0.13085,
0.15142,
0.13875,
0.14012,
0.14507,
0.14293,
0.16859,
0.12711,
0.12107,
0.12633,
0.15665,
0.13265,
0.13291,
0.13469,
0.13374,
0.14458,
0.14377,
0.14246,
0.15996,
0.1589,
0.16056,
0.16041,
0.167,
0.16051,
0.14917,
0.15215,
0.14497,
0.15141,
0.14964,
0.14362,
0.21882,
0.16625,
0.14617,
0.1512,
0.15577,
0.15869,
0.16234,
0.25254,
0.19534,
0.15414,
