#cisterns#,#vesicles#,entropy,entropyInd,RabA,RabB,RabC,RabD,RabE,
8.0,30.0,1.57187,0.35284,0.12975,0.21489,0.28981,0.15679,0.20876,
8.0,46.0,1.5875,0.26186,0.25245,0.21981,0.19851,0.20085,0.12837,
9.0,44.0,1.54606,0.31578,0.18678,0.22271,0.27808,0.2315,0.08093,
10.0,39.0,1.55257,0.23911,0.26237,0.26857,0.19188,0.18549,0.09168,
10.0,31.0,1.58392,0.20487,0.25638,0.25329,0.14866,0.16791,0.17375,
9.0,56.0,1.6007,0.28666,0.215,0.14932,0.21386,0.20523,0.21659,
10.0,61.0,1.56967,0.30081,0.20736,0.2371,0.19767,0.10201,0.25585,
14.0,33.0,1.5891,0.28753,0.19978,0.24573,0.20224,0.22292,0.12932,
12.0,53.0,1.57441,0.31725,0.18068,0.24284,0.23411,0.10951,0.23285,
