albumin,albuminRabA,albuminRabB,albuminRabC,albuminRabD,albuminRabE,Cyalbumin,Cyproton,Gpli,GpliRabA,GpliRabB,GpliRabC,GpliRabD,GpliRabE,KdelR,KdelRRabA,KdelRRabB,KdelRRabC,KdelRRabD,KdelRRabE,ManI,ManIRabA,ManIRabB,ManIRabC,ManIRabD,ManIRabE,membraneMarker,membraneMarkerRabA,membraneMarkerRabB,membraneMarkerRabC,membraneMarkerRabD,membraneMarkerRabE,mvb,mvbRabA,mvbRabB,mvbRabC,mvbRabD,mvbRabE,p75,ProC,ProCRabA,ProCRabB,ProCRabC,ProCRabD,ProCRabE,proton,protonRabA,protonRabB,protonRabC,protonRabD,protonRabE,solubleMarker,solubleMarkerRabA,solubleMarkerRabB,solubleMarkerRabC,solubleMarkerRabD,solubleMarkerRabE,Spli,VSVG,VSVGRabA,VSVGRabB,VSVGRabC,VSVGRabD,VSVGRabE,
0.0,1.981577424466E7,385223.13245,0.0,0.0,0.0,0.0,0.0,0.0,0.0,0.0,0.0,0.0,0.0,5024.57324,12864.48841,445472.92601,428239.75256,462004.69675,696430.67984,0.0,1920400.36057,41621.25626,0.0,0.0,0.0,0.0,2.0,0.00305,0.00773,0.00366,0.98556,0.0,0.0,0.0,0.0,0.0,0.0,0.0,0.0,1.94528846702E7,748112.70691,0.0,0.0,0.0,64.63674,2614.77491,1873.67645,2372.7488,3161.00565,11495.77045,0.0,2.0,0.00305,0.00773,0.00366,0.98556,0.0,0.0,1905063.90915,56957.70768,0.0,0.0,0.0,
0.0,1.897240834367E7,1228589.03344,0.0,0.0,0.0,0.0,0.0,0.0,0.0,0.0,0.0,0.0,0.0,27855.55598,69774.6869,387816.06806,428365.57157,449225.44568,686999.78862,0.0,1802188.35388,159833.26295,0.0,0.0,0.0,0.0,2.0,0.00305,0.00773,0.00366,0.98556,0.0,0.0,0.0,0.0,0.0,0.0,0.0,0.0,1.898306788535E7,1217929.49176,0.0,0.0,0.0,191.20609,2616.06736,1871.31782,2371.54013,3095.76055,11563.29039,0.0,2.0,0.00305,0.00773,0.00366,0.98556,0.0,0.0,1757121.56348,204900.05335,0.0,0.0,0.0,
