Gpli,KdelR,ManI,ProC,RabA,RabB,RabC,RabD,RabE,VSVG,albumin,area,membraneMarker,mvb,proton,solubleMarker,volume,
0.0,0.0,55031.77,4359131.06,59545.67,0.0,0.0,0.0,0.0,59545.67,1077155.2,59545.67,1.0,0.0,130.54,1.0,1305403.9,
0.0,0.0,171262.38,9171566.57,184859.27,0.0,0.0,0.0,0.0,184859.27,4973460.81,184859.27,1.0,0.0,720.67,1.0,7206708.89,
0.0,161812.09,0.0,0.0,184859.27,2801.33,7110.6,3369.42,906677.12,0.0,0.0,919958.48,1.0,0.0,8102.51,1.0,8.236573545E7,
0.0,0.0,55031.77,4359131.06,59545.67,2801.33,7110.6,3369.42,906677.12,59545.67,1077155.2,59545.67,1.0,0.0,130.54,1.0,1305403.9,
0.0,0.0,171262.38,9171566.57,184859.27,2801.33,7110.6,3369.42,906677.12,184859.27,4973460.81,184859.27,1.0,0.0,720.67,1.0,7206708.89,
0.0,161812.09,0.0,0.0,184859.27,2801.33,7110.6,3369.42,906677.12,0.0,0.0,919958.48,1.0,0.0,8102.51,1.0,8.236573545E7,
