GM,Glut4,HexA,M6PR,M6PR-HexA,RabA,RabB,RabC,RabD,RabE,Tf,area,chol,dextran,membraneMarker,mvb,proton,solubleMarker,vATPase,volume,
494520.95,171840.79,0.37,0.02,1.1,476595.92,111.38,95.56,63101.4,95.56,34319.26,540078.5,0.0,3.653885095E7,1.0,10.0,40325.64,1.0,26328.44,3.710899411E7,
494520.92,171840.79,0.46,0.02,1.1,475628.23,69.7,69.5,64172.84,69.5,34319.26,540078.5,0.0,3.653885095E7,1.0,10.0,40246.97,1.0,26328.44,3.710899411E7,
494520.87,171840.79,0.58,0.02,1.1,474164.01,70.19,70.19,65633.39,70.19,34319.26,540078.5,0.0,3.653885095E7,1.0,10.0,40160.19,1.0,26328.44,3.710899411E7,
494520.81,171840.79,0.68,0.02,1.09,472863.19,72.37,72.37,66925.44,72.37,34319.26,540078.5,0.0,3.653885095E7,1.0,10.0,40102.89,1.0,26328.44,3.710899411E7,
494520.74,171840.79,0.78,0.02,1.09,471519.27,74.73,74.73,68259.89,74.73,34319.26,540078.5,0.0,3.653885095E7,1.0,10.0,40057.81,1.0,26328.44,3.710899411E7,
494520.68,171840.79,0.86,0.02,1.09,470364.28,76.82,76.82,69406.48,76.82,34319.26,540078.5,0.0,3.653885095E7,1.0,10.0,40027.68,1.0,26328.44,3.710899411E7,
494520.59,171840.79,0.96,0.02,1.09,468933.37,79.5,79.5,70826.66,79.5,34319.26,540078.5,0.0,3.653885095E7,1.0,10.0,39998.66,1.0,26328.44,3.710899411E7,
494520.5,171840.79,1.06,0.03,1.09,467449.99,82.37,82.37,72298.51,82.37,34319.26,540078.5,0.0,3.653885095E7,1.0,10.0,39975.83,1.0,26328.44,3.710899411E7,
