RabA,RabB,RabC,RabD,RabE,
1976020.40535,1966967.763,1985455.9852,4507660.55098,1982094.46037,
1931472.57935,1943956.23086,1986838.04068,4493022.78691,1983471.78941,
1906083.70705,1902215.02345,1987326.63751,4437342.54017,1983950.07314,
1804093.25959,1950607.94423,1989927.51612,5166308.01615,1989094.81886,
1922088.73499,1949041.22409,1992207.49825,5164401.5986,1990719.60391,
1915746.59358,1943392.3686,1987555.37398,5166077.80721,1988675.70787,
