RabA,RabB,RabC,RabD,RabE,
1885808.96152,1941181.97608,1926913.32982,1902556.60694,1607344.41573,
1824233.74551,1941181.97608,1926913.32982,1902556.60694,1530375.39571,
1869786.83898,1941181.97608,1926913.32982,1902556.60694,1637503.7052,
1808211.62297,1941181.97608,1926913.32982,1902556.60694,1266226.58164,
1884552.32446,1941181.97608,1926913.32982,1902556.60694,1288431.61431,
1822977.10845,1941181.97608,1926913.32982,1902556.60694,1625210.34678,
1914711.61393,1941181.97608,1926913.32982,1902556.60694,1532847.52276,
1822348.78992,1941181.97608,1926913.32982,1902556.60694,1563006.81224,
1867901.88339,1941181.97608,1926913.32982,1902556.60694,1547613.00823,
