entropy,entropyInd,RabA,RabB,RabC,RabD,RabE,RabF,RabG,RabH,RabI,RabL,xER,xPM,
2.248,0.3514,0.1322,0.05815,0.05649,0.09257,0.05181,0.04169,0.02744,0.03562,0.03984,0.04897,0.2049,0.2103,
2.247,0.3603,0.1321,0.05811,0.05645,0.09213,0.05178,0.04166,0.02742,0.0356,0.03981,0.04894,0.2058,0.2101,
2.246,0.3432,0.132,0.05805,0.05639,0.09203,0.05173,0.04161,0.02739,0.03556,0.03977,0.04889,0.2066,0.2099,
2.245,0.341,0.1318,0.05768,0.05634,0.09198,0.0517,0.04159,0.02738,0.03554,0.03975,0.04886,0.2076,0.2098,
