entropy,entropyInd,RabA,RabB,RabC,RabD,RabE,RabF,RabG,RabH,RabI,xER,xPM,
2.178,0.3355,0.106,0.0907,0.0685,0.1252,0.05449,0.03938,0.03062,0.03407,0.03502,0.2066,0.2094,
2.175,0.3336,0.1042,0.09011,0.06834,0.1246,0.0544,0.03931,0.03056,0.03401,0.03496,0.2084,0.2112,
